timestamp,src_ip,dst_ip,protocol,reason,label
2025-06-13 00:37:51.428416,192.168.1.9,192.168.0.105,TCP,Suspicious TCP flags: S,attack
2025-06-13 00:37:51.468236,192.168.1.136,192.168.0.105,TCP,Suspicious TCP flags: S,attack
2025-06-13 00:37:51.500877,192.168.1.233,192.168.0.105,TCP,Suspicious TCP flags: S,attack
2025-06-13 00:37:51.533139,192.168.1.203,192.168.0.105,TCP,Suspicious TCP flags: S,attack
2025-06-13 00:37:51.567863,192.168.1.51,192.168.0.105,TCP,Suspicious TCP flags: S,attack
2025-06-13 00:37:51.600101,192.168.1.92,192.168.0.105,TCP,Suspicious TCP flags: S,attack
2025-06-13 00:37:51.639235,192.168.1.99,192.168.0.105,TCP,Suspicious TCP flags: S,attack
2025-06-13 00:37:51.684043,192.168.1.105,192.168.0.105,TCP,Suspicious TCP flags: S,attack
2025-06-13 00:37:51.720295,192.168.1.88,192.168.0.105,TCP,Suspicious TCP flags: S,attack
2025-06-13 00:37:51.750990,192.168.1.94,192.168.0.105,TCP,Suspicious TCP flags: S,attack
2025-06-13 00:37:51.784263,192.168.1.143,192.168.0.105,TCP,Suspicious TCP flags: S,attack
2025-06-13 00:37:51.827458,192.168.1.235,192.168.0.105,TCP,Suspicious TCP flags: S,attack
2025-06-13 00:37:51.869565,192.168.1.239,192.168.0.105,TCP,Suspicious TCP flags: S,attack
2025-06-13 00:37:51.906880,192.168.1.19,192.168.0.105,TCP,Suspicious TCP flags: S,attack
2025-06-13 00:37:51.942212,192.168.1.42,192.168.0.105,TCP,Suspicious TCP flags: S,attack
2025-06-13 00:37:51.980139,192.168.1.119,192.168.0.105,TCP,Suspicious TCP flags: S,attack
2025-06-13 00:37:52.043188,192.168.1.248,192.168.0.105,TCP,Suspicious TCP flags: S,attack
2025-06-13 00:37:52.084443,192.168.1.216,192.168.0.105,TCP,Suspicious TCP flags: S,attack
2025-06-13 00:37:52.114870,192.168.1.160,192.168.0.105,TCP,Suspicious TCP flags: S,attack
2025-06-13 00:37:52.147358,192.168.1.15,192.168.0.105,TCP,Suspicious TCP flags: S,attack
2025-06-13 00:37:52.183497,192.168.1.80,192.168.0.105,TCP,Suspicious TCP flags: S,attack
2025-06-13 00:37:52.219010,192.168.1.105,192.168.0.105,IP,Blacklisted IP,attack
2025-06-13 00:37:52.272291,192.168.1.70,192.168.0.105,TCP,Suspicious TCP flags: S,attack
2025-06-13 00:37:52.312860,192.168.1.69,192.168.0.105,TCP,Suspicious TCP flags: S,attack
2025-06-13 00:37:52.341009,192.168.1.224,192.168.0.105,TCP,Suspicious TCP flags: S,attack
2025-06-13 00:37:52.378209,192.168.1.40,192.168.0.105,TCP,Suspicious TCP flags: S,attack
2025-06-13 00:37:52.413514,192.168.1.199,192.168.0.105,TCP,Suspicious TCP flags: S,attack
2025-06-13 00:37:52.462897,192.168.1.189,192.168.0.105,TCP,Suspicious TCP flags: S,attack
2025-06-13 00:37:52.500213,192.168.1.166,192.168.0.105,TCP,Suspicious TCP flags: S,attack
2025-06-13 00:37:52.533900,192.168.1.104,192.168.0.105,TCP,Suspicious TCP flags: S,attack
2025-06-13 00:37:52.571262,192.168.1.170,192.168.0.105,TCP,Suspicious TCP flags: S,attack
2025-06-13 00:37:52.616002,192.168.1.88,192.168.0.105,IP,Blacklisted IP,attack
2025-06-13 00:37:52.646925,192.168.1.242,192.168.0.105,TCP,Suspicious TCP flags: S,attack
2025-06-13 00:37:52.700039,192.168.1.186,192.168.0.105,TCP,Suspicious TCP flags: S,attack
2025-06-13 00:37:52.743876,192.168.1.13,192.168.0.105,TCP,Suspicious TCP flags: S,attack
2025-06-13 00:37:52.791592,192.168.1.225,192.168.0.105,TCP,Suspicious TCP flags: S,attack
2025-06-13 00:37:52.823860,192.168.1.205,192.168.0.105,TCP,Suspicious TCP flags: S,attack
2025-06-13 00:37:52.868075,192.168.1.146,192.168.0.105,TCP,Suspicious TCP flags: S,attack
2025-06-13 00:37:52.904314,192.168.1.57,192.168.0.105,TCP,Suspicious TCP flags: S,attack
2025-06-13 00:37:52.936007,192.168.1.22,192.168.0.105,TCP,Suspicious TCP flags: S,attack
2025-06-13 00:37:52.978979,192.168.1.31,192.168.0.105,TCP,Suspicious TCP flags: S,attack
2025-06-13 00:37:53.012004,192.168.1.180,192.168.0.105,TCP,Suspicious TCP flags: S,attack
2025-06-13 00:37:53.050780,192.168.1.119,192.168.0.105,IP,Blacklisted IP,attack
2025-06-13 00:37:53.091521,192.168.1.4,192.168.0.105,TCP,Suspicious TCP flags: S,attack
2025-06-13 00:37:53.135447,192.168.1.73,192.168.0.105,TCP,Suspicious TCP flags: S,attack
2025-06-13 00:37:53.183110,192.168.1.138,192.168.0.105,TCP,Suspicious TCP flags: S,attack
2025-06-13 00:37:53.219831,192.168.1.123,192.168.0.105,TCP,Suspicious TCP flags: S,attack
2025-06-13 00:37:53.251683,192.168.1.9,192.168.0.105,IP,Blacklisted IP,attack
2025-06-13 00:37:53.290803,192.168.1.245,192.168.0.105,TCP,Suspicious TCP flags: S,attack
2025-06-13 00:37:53.336220,192.168.1.192,192.168.0.105,TCP,Suspicious TCP flags: S,attack
2025-06-13 00:37:53.374734,192.168.1.101,192.168.0.105,TCP,Suspicious TCP flags: S,attack
2025-06-13 00:37:53.406958,192.168.1.245,192.168.0.105,IP,Blacklisted IP,attack
2025-06-13 00:37:53.442341,192.168.1.194,192.168.0.105,TCP,Suspicious TCP flags: S,attack
2025-06-13 00:37:53.479437,192.168.1.177,192.168.0.105,TCP,Suspicious TCP flags: S,attack
2025-06-13 00:37:53.522552,192.168.1.110,192.168.0.105,TCP,Suspicious TCP flags: S,attack
2025-06-13 00:37:53.552542,192.168.1.80,192.168.0.105,IP,Blacklisted IP,attack
2025-06-13 00:37:53.583198,192.168.1.33,192.168.0.105,TCP,Suspicious TCP flags: S,attack
2025-06-13 00:37:53.619127,192.168.1.180,192.168.0.105,IP,Blacklisted IP,attack
2025-06-13 00:37:53.663798,192.168.1.222,192.168.0.105,TCP,Suspicious TCP flags: S,attack
2025-06-13 00:37:53.695731,192.168.1.239,192.168.0.105,IP,Blacklisted IP,attack
2025-06-13 00:37:53.748763,192.168.1.197,192.168.0.105,TCP,Suspicious TCP flags: S,attack
2025-06-13 00:37:53.789837,192.168.1.246,192.168.0.105,TCP,Suspicious TCP flags: S,attack
2025-06-13 00:37:53.831684,192.168.1.29,192.168.0.105,TCP,Suspicious TCP flags: S,attack
2025-06-13 00:37:53.868637,192.168.1.223,192.168.0.105,TCP,Suspicious TCP flags: S,attack
2025-06-13 00:37:53.902842,192.168.1.15,192.168.0.105,IP,Blacklisted IP,attack
2025-06-13 00:37:53.949725,192.168.1.173,192.168.0.105,TCP,Suspicious TCP flags: S,attack
2025-06-13 00:37:53.994871,192.168.1.24,192.168.0.105,TCP,Suspicious TCP flags: S,attack
2025-06-13 00:37:54.045785,192.168.1.4,192.168.0.105,IP,Blacklisted IP,attack
2025-06-13 00:37:54.084261,192.168.1.47,192.168.0.105,TCP,Suspicious TCP flags: S,attack
2025-06-13 00:37:54.123787,192.168.1.208,192.168.0.105,TCP,Suspicious TCP flags: S,attack
2025-06-13 00:37:54.153018,192.168.1.208,192.168.0.105,IP,Blacklisted IP,attack
2025-06-13 00:37:54.195952,192.168.1.198,192.168.0.105,TCP,Suspicious TCP flags: S,attack
2025-06-13 00:37:54.243457,192.168.1.203,192.168.0.105,IP,Blacklisted IP,attack
2025-06-13 00:37:54.276671,192.168.1.27,192.168.0.105,TCP,Suspicious TCP flags: S,attack
2025-06-13 00:37:54.314262,192.168.1.100,192.168.0.105,TCP,Suspicious TCP flags: S,attack
2025-06-13 00:37:54.348522,192.168.1.239,192.168.0.105,IP,Blacklisted IP,attack
2025-06-13 00:37:54.385765,192.168.1.24,192.168.0.105,IP,Blacklisted IP,attack
2025-06-13 00:37:54.421364,192.168.1.38,192.168.0.105,TCP,Suspicious TCP flags: S,attack
2025-06-13 00:37:54.458688,192.168.1.192,192.168.0.105,IP,Blacklisted IP,attack
2025-06-13 00:37:54.499959,192.168.1.74,192.168.0.105,TCP,Suspicious TCP flags: S,attack
2025-06-13 00:37:54.533464,192.168.1.146,192.168.0.105,IP,Blacklisted IP,attack
2025-06-13 00:37:54.572873,192.168.1.94,192.168.0.105,IP,Blacklisted IP,attack
2025-06-13 00:37:54.607612,192.168.1.41,192.168.0.105,TCP,Suspicious TCP flags: S,attack
2025-06-13 00:37:54.661193,192.168.1.77,192.168.0.105,TCP,Suspicious TCP flags: S,attack
2025-06-13 00:37:54.700317,192.168.1.69,192.168.0.105,IP,Blacklisted IP,attack
2025-06-13 00:37:54.736309,192.168.1.94,192.168.0.105,IP,Blacklisted IP,attack
2025-06-13 00:37:54.768971,192.168.1.82,192.168.0.105,TCP,Suspicious TCP flags: S,attack
2025-06-13 00:37:54.811547,192.168.1.5,192.168.0.105,TCP,Suspicious TCP flags: S,attack
2025-06-13 00:37:54.852457,192.168.1.18,192.168.0.105,TCP,Suspicious TCP flags: S,attack
2025-06-13 00:37:54.904882,192.168.1.49,192.168.0.105,TCP,Suspicious TCP flags: S,attack
2025-06-13 00:37:54.939746,192.168.1.78,192.168.0.105,TCP,Suspicious TCP flags: S,attack
2025-06-13 00:37:54.979773,192.168.1.205,192.168.0.105,IP,Blacklisted IP,attack
2025-06-13 00:37:55.023964,192.168.1.82,192.168.0.105,IP,Blacklisted IP,attack
2025-06-13 00:37:55.072309,192.168.1.146,192.168.0.105,IP,Blacklisted IP,attack
2025-06-13 00:37:55.107383,192.168.1.23,192.168.0.105,TCP,Suspicious TCP flags: S,attack
2025-06-13 00:37:55.160081,192.168.1.118,192.168.0.105,TCP,Suspicious TCP flags: S,attack
2025-06-13 00:37:55.196494,192.168.1.2,192.168.0.105,TCP,Suspicious TCP flags: S,attack
2025-06-13 00:37:55.231627,192.168.1.25,192.168.0.105,TCP,Suspicious TCP flags: S,attack
2025-06-13 00:37:55.267279,192.168.1.131,192.168.0.105,TCP,Suspicious TCP flags: S,attack
2025-06-13 00:37:55.302913,192.168.1.77,192.168.0.105,IP,Blacklisted IP,attack
2025-06-13 00:37:55.347116,192.168.1.225,192.168.0.105,IP,Blacklisted IP,attack
2025-06-13 00:37:55.382826,192.168.1.7,192.168.0.105,TCP,Suspicious TCP flags: S,attack
2025-06-13 00:37:55.424025,192.168.1.126,192.168.0.105,TCP,Suspicious TCP flags: S,attack
2025-06-13 00:37:55.459875,192.168.1.124,192.168.0.105,TCP,Suspicious TCP flags: S,attack
2025-06-13 00:37:55.501557,192.168.1.6,192.168.0.105,TCP,Suspicious TCP flags: S,attack
2025-06-13 00:37:55.534867,192.168.1.197,192.168.0.105,IP,Blacklisted IP,attack
2025-06-13 00:37:55.571663,192.168.1.118,192.168.0.105,IP,Blacklisted IP,attack
2025-06-13 00:37:55.609476,192.168.1.197,192.168.0.105,IP,Blacklisted IP,attack
2025-06-13 00:37:55.647618,192.168.1.62,192.168.0.105,TCP,Suspicious TCP flags: S,attack
2025-06-13 00:37:55.685478,192.168.1.20,192.168.0.105,TCP,Suspicious TCP flags: S,attack
2025-06-13 00:37:55.726739,192.168.1.131,192.168.0.105,IP,Blacklisted IP,attack
2025-06-13 00:37:55.762633,192.168.1.70,192.168.0.105,IP,Blacklisted IP,attack
2025-06-13 00:37:55.811770,192.168.1.145,192.168.0.105,TCP,Suspicious TCP flags: S,attack
2025-06-13 00:37:55.848732,192.168.1.205,192.168.0.105,IP,Blacklisted IP,attack
2025-06-13 00:37:55.886853,192.168.1.82,192.168.0.105,IP,Blacklisted IP,attack
2025-06-13 00:37:55.921541,192.168.1.29,192.168.0.105,IP,Blacklisted IP,attack
2025-06-13 00:37:55.958539,192.168.1.22,192.168.0.105,IP,Blacklisted IP,attack
2025-06-13 00:37:55.998718,192.168.1.136,192.168.0.105,IP,Blacklisted IP,attack
2025-06-13 00:37:56.037771,192.168.1.125,192.168.0.105,TCP,Suspicious TCP flags: S,attack
2025-06-13 00:37:56.079214,192.168.1.154,192.168.0.105,TCP,Suspicious TCP flags: S,attack
2025-06-13 00:37:56.116034,192.168.1.58,192.168.0.105,TCP,Suspicious TCP flags: S,attack
2025-06-13 00:37:56.156126,192.168.1.230,192.168.0.105,TCP,Suspicious TCP flags: S,attack
2025-06-13 00:37:56.194123,192.168.1.71,192.168.0.105,TCP,Suspicious TCP flags: S,attack
2025-06-13 00:37:56.234826,192.168.1.227,192.168.0.105,TCP,Suspicious TCP flags: S,attack
2025-06-13 00:37:56.272719,192.168.1.69,192.168.0.105,IP,Blacklisted IP,attack
2025-06-13 00:37:56.312151,192.168.1.133,192.168.0.105,TCP,Suspicious TCP flags: S,attack
2025-06-13 00:37:56.350237,192.168.1.127,192.168.0.105,TCP,Suspicious TCP flags: S,attack
2025-06-13 00:37:56.385758,192.168.1.134,192.168.0.105,TCP,Suspicious TCP flags: S,attack
2025-06-13 00:37:56.427880,192.168.1.45,192.168.0.105,TCP,Suspicious TCP flags: S,attack
2025-06-13 00:37:56.468625,192.168.1.93,192.168.0.105,TCP,Suspicious TCP flags: S,attack
2025-06-13 00:37:56.501318,192.168.1.185,192.168.0.105,TCP,Suspicious TCP flags: S,attack
2025-06-13 00:37:56.540825,192.168.1.107,192.168.0.105,TCP,Suspicious TCP flags: S,attack
2025-06-13 00:37:56.575559,192.168.1.74,192.168.0.105,IP,Blacklisted IP,attack
2025-06-13 00:37:56.611873,192.168.1.208,192.168.0.105,IP,Blacklisted IP,attack
2025-06-13 00:37:56.655240,192.168.1.246,192.168.0.105,IP,Blacklisted IP,attack
2025-06-13 00:37:56.690890,192.168.1.237,192.168.0.105,TCP,Suspicious TCP flags: S,attack
2025-06-13 00:37:56.739463,192.168.1.151,192.168.0.105,TCP,Suspicious TCP flags: S,attack
2025-06-13 00:37:56.783204,192.168.1.167,192.168.0.105,TCP,Suspicious TCP flags: S,attack
2025-06-13 00:37:56.837033,192.168.1.195,192.168.0.105,TCP,Suspicious TCP flags: S,attack
2025-06-13 00:37:56.875117,192.168.1.89,192.168.0.105,TCP,Suspicious TCP flags: S,attack
2025-06-13 00:37:56.918898,192.168.1.162,192.168.0.105,TCP,Suspicious TCP flags: S,attack
2025-06-13 00:37:56.964344,192.168.1.175,192.168.0.105,TCP,Suspicious TCP flags: S,attack
2025-06-13 00:37:56.999058,192.168.1.246,192.168.0.105,IP,Blacklisted IP,attack
2025-06-13 00:37:57.035710,192.168.1.226,192.168.0.105,TCP,Suspicious TCP flags: S,attack
2025-06-13 00:37:57.074972,192.168.1.75,192.168.0.105,TCP,Suspicious TCP flags: S,attack
2025-06-13 00:37:57.108841,192.168.1.79,192.168.0.105,TCP,Suspicious TCP flags: S,attack
2025-06-13 00:37:57.162892,192.168.1.153,192.168.0.105,TCP,Suspicious TCP flags: S,attack
2025-06-13 00:37:57.197033,192.168.1.233,192.168.0.105,IP,Blacklisted IP,attack
2025-06-13 00:37:57.241451,192.168.1.248,192.168.0.105,IP,Blacklisted IP,attack
2025-06-13 00:37:57.275210,192.168.1.211,192.168.0.105,TCP,Suspicious TCP flags: S,attack
2025-06-13 00:37:57.315863,192.168.1.251,192.168.0.105,TCP,Suspicious TCP flags: S,attack
2025-06-13 00:37:57.354879,192.168.1.181,192.168.0.105,TCP,Suspicious TCP flags: S,attack
2025-06-13 00:37:57.394552,192.168.1.110,192.168.0.105,IP,Blacklisted IP,attack
2025-06-13 00:37:57.428982,192.168.1.202,192.168.0.105,TCP,Suspicious TCP flags: S,attack
2025-06-13 00:37:57.467089,192.168.1.139,192.168.0.105,TCP,Suspicious TCP flags: S,attack
2025-06-13 00:37:57.507720,192.168.1.183,192.168.0.105,TCP,Suspicious TCP flags: S,attack
2025-06-13 00:37:57.547574,192.168.1.18,192.168.0.105,IP,Blacklisted IP,attack
2025-06-13 00:37:57.594770,192.168.1.206,192.168.0.105,TCP,Suspicious TCP flags: S,attack
2025-06-13 00:37:57.626723,192.168.1.245,192.168.0.105,IP,Blacklisted IP,attack
2025-06-13 00:37:57.662842,192.168.1.133,192.168.0.105,IP,Blacklisted IP,attack
2025-06-13 00:37:57.699512,192.168.1.129,192.168.0.105,TCP,Suspicious TCP flags: S,attack
2025-06-13 00:37:57.747076,192.168.1.107,192.168.0.105,IP,Blacklisted IP,attack
2025-06-13 00:37:57.783215,192.168.1.149,192.168.0.105,TCP,Suspicious TCP flags: S,attack
2025-06-13 00:37:57.829161,192.168.1.98,192.168.0.105,TCP,Suspicious TCP flags: S,attack
2025-06-13 00:37:57.866908,192.168.1.163,192.168.0.105,TCP,Suspicious TCP flags: S,attack
2025-06-13 00:37:57.908785,192.168.1.242,192.168.0.105,IP,Blacklisted IP,attack
2025-06-13 00:37:57.943522,192.168.1.21,192.168.0.105,TCP,Suspicious TCP flags: S,attack
2025-06-13 00:37:57.974658,192.168.1.30,192.168.0.105,TCP,Suspicious TCP flags: S,attack
2025-06-13 00:37:58.018960,192.168.1.215,192.168.0.105,TCP,Suspicious TCP flags: S,attack
2025-06-13 00:37:58.059152,192.168.1.132,192.168.0.105,TCP,Suspicious TCP flags: S,attack
2025-06-13 00:37:58.095840,192.168.1.226,192.168.0.105,IP,Blacklisted IP,attack
2025-06-13 00:37:58.126840,192.168.1.62,192.168.0.105,IP,Blacklisted IP,attack
2025-06-13 00:37:58.165652,192.168.1.48,192.168.0.105,TCP,Suspicious TCP flags: S,attack
2025-06-13 00:37:58.203178,192.168.1.253,192.168.0.105,TCP,Suspicious TCP flags: S,attack
2025-06-13 00:37:58.235268,192.168.1.27,192.168.0.105,IP,Blacklisted IP,attack
2025-06-13 00:37:58.272140,192.168.1.109,192.168.0.105,TCP,Suspicious TCP flags: S,attack
2025-06-13 00:37:58.310458,192.168.1.92,192.168.0.105,IP,Blacklisted IP,attack
2025-06-13 00:37:58.344008,192.168.1.158,192.168.0.105,TCP,Suspicious TCP flags: S,attack
2025-06-13 00:37:58.391050,192.168.1.245,192.168.0.105,IP,Blacklisted IP,attack
2025-06-13 00:37:58.438644,192.168.1.62,192.168.0.105,IP,Blacklisted IP,attack
2025-06-13 00:37:58.477778,192.168.1.143,192.168.0.105,IP,Blacklisted IP,attack
2025-06-13 00:37:58.511949,192.168.1.184,192.168.0.105,TCP,Suspicious TCP flags: S,attack
2025-06-13 00:37:58.556112,192.168.1.217,192.168.0.105,TCP,Suspicious TCP flags: S,attack
2025-06-13 00:37:58.592864,192.168.1.161,192.168.0.105,TCP,Suspicious TCP flags: S,attack
2025-06-13 00:37:58.635590,192.168.1.185,192.168.0.105,IP,Blacklisted IP,attack
2025-06-13 00:37:58.672091,192.168.1.221,192.168.0.105,TCP,Suspicious TCP flags: S,attack
2025-06-13 00:37:58.710611,192.168.1.164,192.168.0.105,TCP,Suspicious TCP flags: S,attack
2025-06-13 00:37:58.746196,192.168.1.100,192.168.0.105,IP,Blacklisted IP,attack
2025-06-13 00:37:58.789168,192.168.1.176,192.168.0.105,TCP,Suspicious TCP flags: S,attack
2025-06-13 00:37:58.824977,192.168.1.235,192.168.0.105,IP,Blacklisted IP,attack
2025-06-13 00:37:58.868335,192.168.1.217,192.168.0.105,IP,Blacklisted IP,attack
2025-06-13 00:37:58.908910,192.168.1.187,192.168.0.105,TCP,Suspicious TCP flags: S,attack
2025-06-13 00:37:58.939846,192.168.1.46,192.168.0.105,TCP,Suspicious TCP flags: S,attack
2025-06-13 00:37:58.989529,192.168.1.204,192.168.0.105,TCP,Suspicious TCP flags: S,attack
2025-06-13 00:37:59.036151,192.168.1.15,192.168.0.105,IP,Blacklisted IP,attack
2025-06-13 00:37:59.082890,192.168.1.198,192.168.0.105,IP,Blacklisted IP,attack
2025-06-13 00:37:59.119113,192.168.1.35,192.168.0.105,TCP,Suspicious TCP flags: S,attack
2025-06-13 00:37:59.164391,192.168.1.202,192.168.0.105,IP,Blacklisted IP,attack
2025-06-13 00:37:59.190068,192.168.1.235,192.168.0.105,IP,Blacklisted IP,attack
2025-06-13 00:37:59.226358,192.168.1.197,192.168.0.105,IP,Blacklisted IP,attack
2025-06-13 00:37:59.266442,192.168.1.140,192.168.0.105,TCP,Suspicious TCP flags: S,attack
2025-06-13 00:37:59.306768,192.168.1.202,192.168.0.105,IP,Blacklisted IP,attack
2025-06-13 00:37:59.350540,192.168.1.117,192.168.0.105,TCP,Suspicious TCP flags: S,attack
2025-06-13 00:37:59.409822,192.168.1.162,192.168.0.105,IP,Blacklisted IP,attack
2025-06-13 00:37:59.440901,192.168.1.69,192.168.0.105,IP,Blacklisted IP,attack
2025-06-13 00:37:59.478482,192.168.1.84,192.168.0.105,TCP,Suspicious TCP flags: S,attack
2025-06-13 00:37:59.511790,192.168.1.93,192.168.0.105,IP,Blacklisted IP,attack
2025-06-13 00:37:59.549270,192.168.1.137,192.168.0.105,TCP,Suspicious TCP flags: S,attack
2025-06-13 00:37:59.585995,192.168.1.124,192.168.0.105,IP,Blacklisted IP,attack
2025-06-13 00:37:59.622837,192.168.1.176,192.168.0.105,IP,Blacklisted IP,attack
2025-06-13 00:37:59.663964,192.168.1.196,192.168.0.105,TCP,Suspicious TCP flags: S,attack
2025-06-13 00:37:59.704183,192.168.1.116,192.168.0.105,TCP,Suspicious TCP flags: S,attack
2025-06-13 00:37:59.739141,192.168.1.14,192.168.0.105,TCP,Suspicious TCP flags: S,attack
2025-06-13 00:37:59.783093,192.168.1.201,192.168.0.105,TCP,Suspicious TCP flags: S,attack
2025-06-13 00:37:59.825142,192.168.1.7,192.168.0.105,IP,Blacklisted IP,attack
2025-06-13 00:37:59.872134,192.168.1.170,192.168.0.105,IP,Blacklisted IP,attack
2025-06-13 00:37:59.920877,192.168.1.61,192.168.0.105,TCP,Suspicious TCP flags: S,attack
2025-06-13 00:37:59.965061,192.168.1.203,192.168.0.105,IP,Blacklisted IP,attack
2025-06-13 00:38:00.011075,192.168.1.220,192.168.0.105,TCP,Suspicious TCP flags: S,attack
2025-06-13 00:38:00.057472,192.168.1.254,192.168.0.105,TCP,Suspicious TCP flags: S,attack
2025-06-13 00:38:00.103959,192.168.1.185,192.168.0.105,IP,Blacklisted IP,attack
2025-06-13 00:38:00.140235,192.168.1.142,192.168.0.105,TCP,Suspicious TCP flags: S,attack
2025-06-13 00:38:00.174625,192.168.1.149,192.168.0.105,IP,Blacklisted IP,attack
2025-06-13 00:38:00.213451,192.168.1.27,192.168.0.105,IP,Blacklisted IP,attack
2025-06-13 00:38:00.255575,192.168.1.146,192.168.0.105,IP,Blacklisted IP,attack
2025-06-13 00:38:00.295546,192.168.1.87,192.168.0.105,TCP,Suspicious TCP flags: S,attack
2025-06-13 00:38:00.328670,192.168.1.196,192.168.0.105,IP,Blacklisted IP,attack
2025-06-13 00:38:00.368822,192.168.1.215,192.168.0.105,IP,Blacklisted IP,attack
2025-06-13 00:38:00.420081,192.168.1.96,192.168.0.105,TCP,Suspicious TCP flags: S,attack
2025-06-13 00:38:00.451181,192.168.1.226,192.168.0.105,IP,Blacklisted IP,attack
2025-06-13 00:38:00.504656,192.168.1.68,192.168.0.105,TCP,Suspicious TCP flags: S,attack
2025-06-13 00:38:00.533697,192.168.1.68,192.168.0.105,IP,Blacklisted IP,attack
2025-06-13 00:38:00.567377,192.168.1.245,192.168.0.105,IP,Blacklisted IP,attack
2025-06-13 00:38:00.600622,192.168.1.54,192.168.0.105,TCP,Suspicious TCP flags: S,attack
2025-06-13 00:38:00.641789,192.168.1.247,192.168.0.105,TCP,Suspicious TCP flags: S,attack
2025-06-13 00:38:00.683366,192.168.1.149,192.168.0.105,IP,Blacklisted IP,attack
2025-06-13 00:38:00.728896,192.168.1.73,192.168.0.105,IP,Blacklisted IP,attack
2025-06-13 00:38:00.763219,192.168.1.5,192.168.0.105,IP,Blacklisted IP,attack
2025-06-13 00:38:00.811213,192.168.1.29,192.168.0.105,IP,Blacklisted IP,attack
2025-06-13 00:38:00.859545,192.168.1.97,192.168.0.105,TCP,Suspicious TCP flags: S,attack
2025-06-13 00:38:00.896452,192.168.1.155,192.168.0.105,TCP,Suspicious TCP flags: S,attack
2025-06-13 00:38:00.936838,192.168.1.161,192.168.0.105,IP,Blacklisted IP,attack
2025-06-13 00:38:00.976372,192.168.1.98,192.168.0.105,IP,Blacklisted IP,attack
2025-06-13 00:38:01.012515,192.168.1.179,192.168.0.105,TCP,Suspicious TCP flags: S,attack
2025-06-13 00:38:01.053092,192.168.1.157,192.168.0.105,TCP,Suspicious TCP flags: S,attack
2025-06-13 00:38:01.104254,192.168.1.101,192.168.0.105,IP,Blacklisted IP,attack
2025-06-13 00:38:01.144822,192.168.1.252,192.168.0.105,TCP,Suspicious TCP flags: S,attack
2025-06-13 00:38:01.181349,192.168.1.185,192.168.0.105,IP,Blacklisted IP,attack
2025-06-13 00:38:01.218452,192.168.1.187,192.168.0.105,IP,Blacklisted IP,attack
2025-06-13 00:38:01.273142,192.168.1.152,192.168.0.105,TCP,Suspicious TCP flags: S,attack
2025-06-13 00:38:01.312584,192.168.1.2,192.168.0.105,IP,Blacklisted IP,attack
2025-06-13 00:38:01.349131,192.168.1.176,192.168.0.105,IP,Blacklisted IP,attack
2025-06-13 00:38:01.388257,192.168.1.58,192.168.0.105,IP,Blacklisted IP,attack
2025-06-13 00:38:01.435028,192.168.1.96,192.168.0.105,IP,Blacklisted IP,attack
2025-06-13 00:38:01.488696,192.168.1.69,192.168.0.105,IP,Blacklisted IP,attack
2025-06-13 00:38:01.524388,192.168.1.12,192.168.0.105,TCP,Suspicious TCP flags: S,attack
2025-06-13 00:38:01.563248,192.168.1.109,192.168.0.105,IP,Blacklisted IP,attack
2025-06-13 00:38:01.608723,192.168.1.253,192.168.0.105,IP,Blacklisted IP,attack
2025-06-13 00:38:01.653611,192.168.1.107,192.168.0.105,IP,Blacklisted IP,attack
2025-06-13 00:38:01.688515,192.168.1.198,192.168.0.105,IP,Blacklisted IP,attack
2025-06-13 00:38:01.727863,192.168.1.79,192.168.0.105,IP,Blacklisted IP,attack
2025-06-13 00:38:01.764573,192.168.1.224,192.168.0.105,IP,Blacklisted IP,attack
2025-06-13 00:38:01.812994,192.168.1.150,192.168.0.105,TCP,Suspicious TCP flags: S,attack
2025-06-13 00:38:01.848621,192.168.1.78,192.168.0.105,IP,Blacklisted IP,attack
2025-06-13 00:38:40.128323,192.168.157.128,192.168.0.105,ICMP,ICMP packet (Ping) detected,attack
2025-06-13 00:38:40.181478,192.168.157.128,192.168.0.105,ICMP,ICMP packet (Ping) detected,attack
2025-06-13 00:38:40.217828,192.168.157.128,192.168.0.105,ICMP,ICMP packet (Ping) detected,attack
2025-06-13 00:38:40.257617,192.168.157.128,192.168.0.105,ICMP,ICMP packet (Ping) detected,attack
2025-06-13 00:38:40.306050,192.168.157.128,192.168.0.105,ICMP,ICMP packet (Ping) detected,attack
2025-06-13 00:38:40.360677,192.168.157.128,192.168.0.105,ICMP,ICMP packet (Ping) detected,attack
2025-06-13 00:38:40.404434,192.168.157.128,192.168.0.105,ICMP,ICMP packet (Ping) detected,attack
2025-06-13 00:38:40.454974,192.168.157.128,192.168.0.105,ICMP,ICMP packet (Ping) detected,attack
2025-06-13 00:38:40.511836,192.168.157.128,192.168.0.105,ICMP,ICMP packet (Ping) detected,attack
2025-06-13 00:38:40.560042,192.168.157.128,192.168.0.105,ICMP,ICMP packet (Ping) detected,attack
2025-06-13 00:38:40.613081,192.168.157.128,192.168.0.105,ICMP,ICMP packet (Ping) detected,attack
2025-06-13 00:38:40.650953,192.168.157.128,192.168.0.105,ICMP,ICMP packet (Ping) detected,attack
2025-06-13 00:38:40.696138,192.168.157.128,192.168.0.105,ICMP,ICMP packet (Ping) detected,attack
2025-06-13 00:38:40.756185,192.168.157.128,192.168.0.105,ICMP,ICMP packet (Ping) detected,attack
2025-06-13 00:38:40.812906,192.168.157.128,192.168.0.105,ICMP,ICMP packet (Ping) detected,attack
2025-06-13 00:38:40.859775,192.168.157.128,192.168.0.105,ICMP,ICMP packet (Ping) detected,attack
2025-06-13 00:38:40.908773,192.168.157.128,192.168.0.105,ICMP,ICMP packet (Ping) detected,attack
2025-06-13 00:38:40.965309,192.168.157.128,192.168.0.105,ICMP,ICMP packet (Ping) detected,attack
2025-06-13 00:38:41.017452,192.168.157.128,192.168.0.105,ICMP,ICMP packet (Ping) detected,attack
2025-06-13 00:38:41.065010,192.168.157.128,192.168.0.105,ICMP,ICMP packet (Ping) detected,attack
2025-06-13 00:38:42.782981,192.168.0.7,192.168.157.128,ICMP,ICMP packet (Ping) detected,attack
2025-06-13 00:39:07.357529,192.168.157.128,192.168.0.105,UDP,DNS query detected,attack
2025-06-13 00:39:07.400528,192.168.157.128,192.168.0.105,UDP,DNS query detected,attack
2025-06-13 00:39:07.448123,192.168.157.128,192.168.0.105,UDP,DNS query detected,attack
2025-06-13 00:39:07.510870,192.168.157.128,192.168.0.105,UDP,DNS query detected,attack
2025-06-13 00:39:07.560803,192.168.157.128,192.168.0.105,UDP,DNS query detected,attack
2025-06-13 00:39:07.599879,192.168.157.128,192.168.0.105,UDP,DNS query detected,attack
2025-06-13 00:39:07.673347,192.168.157.128,192.168.0.105,UDP,DNS query detected,attack
2025-06-13 00:39:07.729306,192.168.157.128,192.168.0.105,UDP,DNS query detected,attack
2025-06-13 00:39:07.762510,192.168.157.128,192.168.0.105,UDP,DNS query detected,attack
2025-06-13 00:39:07.820984,192.168.157.128,192.168.0.105,UDP,DNS query detected,attack
2025-06-13 00:39:07.885109,192.168.157.128,192.168.0.105,UDP,DNS query detected,attack
2025-06-13 00:39:07.928932,192.168.157.128,192.168.0.105,UDP,DNS query detected,attack
2025-06-13 00:39:07.969168,192.168.157.128,192.168.0.105,UDP,DNS query detected,attack
2025-06-13 00:39:08.034672,192.168.157.128,192.168.0.105,UDP,DNS query detected,attack
2025-06-13 00:39:08.079226,192.168.157.128,192.168.0.105,UDP,DNS query detected,attack
2025-06-13 00:39:08.096125,192.168.157.128,192.168.0.105,UDP,DNS query detected,attack
2025-06-13 00:39:08.145117,192.168.157.128,192.168.0.105,UDP,DNS query detected,attack
2025-06-13 00:39:08.207249,192.168.157.128,192.168.0.105,UDP,DNS query detected,attack
2025-06-13 00:39:08.256007,192.168.157.128,192.168.0.105,UDP,DNS query detected,attack
2025-06-13 00:39:08.296843,192.168.157.128,192.168.0.105,UDP,DNS query detected,attack
2025-06-13 00:39:19.780647,192.168.157.128,192.168.157.2,UDP,DNS query detected,attack
2025-06-13 00:39:19.783214,192.168.157.128,192.168.157.2,UDP,DNS query detected,attack
2025-06-13 00:39:19.792004,192.168.157.128,192.168.157.2,UDP,DNS query detected,attack
2025-06-13 00:39:19.797194,192.168.157.128,192.168.157.2,UDP,DNS query detected,attack
2025-06-13 00:39:19.801125,192.168.157.128,192.168.157.2,UDP,DNS query detected,attack
2025-06-13 00:39:19.808822,192.168.157.128,192.168.157.2,UDP,DNS query detected,attack
2025-06-13 00:39:19.811959,192.168.157.128,192.168.157.2,UDP,DNS query detected,attack
2025-06-13 00:39:19.823349,192.168.157.128,192.168.157.2,UDP,DNS query detected,attack
2025-06-13 00:39:19.830011,192.168.157.128,192.168.157.2,UDP,DNS query detected,attack
2025-06-13 00:39:19.832356,192.168.157.128,192.168.157.2,UDP,DNS query detected,attack
2025-06-13 00:39:19.835803,192.168.157.128,192.168.157.2,UDP,DNS query detected,attack
2025-06-13 00:39:19.840398,192.168.157.128,192.168.157.2,UDP,DNS query detected,attack
2025-06-13 00:39:19.845530,192.168.157.128,192.168.157.2,UDP,DNS query detected,attack
2025-06-13 00:39:19.847912,192.168.157.128,192.168.157.2,UDP,DNS query detected,attack
2025-06-13 00:39:19.849385,192.168.157.128,192.168.157.2,UDP,DNS query detected,attack
2025-06-13 00:39:19.852379,192.168.157.128,192.168.157.2,UDP,DNS query detected,attack
2025-06-13 00:39:19.853854,192.168.157.128,192.168.157.2,UDP,DNS query detected,attack
2025-06-13 00:39:19.855849,192.168.157.128,192.168.157.2,UDP,DNS query detected,attack
2025-06-13 00:39:19.857911,192.168.157.128,192.168.157.2,UDP,DNS query detected,attack
2025-06-13 00:39:19.862806,192.168.157.128,192.168.157.2,UDP,DNS query detected,attack
2025-06-13 00:39:19.867734,192.168.157.128,192.168.157.2,UDP,DNS query detected,attack
2025-06-13 00:39:19.870321,192.168.157.128,192.168.157.2,UDP,DNS query detected,attack
2025-06-13 00:39:19.873037,192.168.157.128,192.168.157.2,UDP,DNS query detected,attack
2025-06-13 00:39:19.874296,192.168.157.128,192.168.157.2,UDP,DNS query detected,attack
2025-06-13 00:39:19.878114,192.168.157.128,192.168.157.2,UDP,DNS query detected,attack
2025-06-13 00:39:19.879818,192.168.157.128,192.168.157.2,UDP,DNS query detected,attack
2025-06-13 00:39:19.896247,192.168.157.128,192.168.157.2,UDP,DNS query detected,attack
2025-06-13 00:39:19.898624,192.168.157.128,192.168.157.2,UDP,DNS query detected,attack
2025-06-13 00:39:19.908013,192.168.157.128,192.168.157.2,UDP,DNS query detected,attack
2025-06-13 00:39:19.908640,192.168.157.128,192.168.157.2,UDP,DNS query detected,attack
2025-06-13 00:39:19.921766,192.168.157.128,192.168.157.2,UDP,DNS query detected,attack
2025-06-13 00:39:19.923265,192.168.157.128,192.168.157.2,UDP,DNS query detected,attack
2025-06-13 00:39:19.935920,192.168.157.128,192.168.157.2,UDP,DNS query detected,attack
2025-06-13 00:39:19.937201,192.168.157.128,192.168.157.2,UDP,DNS query detected,attack
2025-06-13 00:39:19.948086,192.168.157.128,192.168.157.2,UDP,DNS query detected,attack
2025-06-13 00:39:19.949597,192.168.157.128,192.168.157.2,UDP,DNS query detected,attack
2025-06-13 00:39:19.961476,192.168.157.128,192.168.157.2,UDP,DNS query detected,attack
2025-06-13 00:39:19.962865,192.168.157.128,192.168.157.2,UDP,DNS query detected,attack
2025-06-13 00:39:19.975205,192.168.157.128,192.168.157.2,UDP,DNS query detected,attack
2025-06-13 00:39:19.976466,192.168.157.128,192.168.157.2,UDP,DNS query detected,attack
2025-06-13 00:39:20.355691,192.168.157.128,44.228.249.3,TCP,Suspicious TCP flags: S,attack
2025-06-13 00:39:20.358799,192.168.157.128,44.228.249.3,IP,Blacklisted IP,attack
2025-06-13 00:39:20.360109,192.168.157.128,44.228.249.3,IP,Blacklisted IP,attack
2025-06-13 00:39:20.360990,192.168.157.128,44.228.249.3,IP,Blacklisted IP,attack
2025-06-13 00:39:20.361970,192.168.157.128,44.228.249.3,IP,Blacklisted IP,attack
2025-06-13 00:39:20.362753,192.168.157.128,44.228.249.3,IP,Blacklisted IP,attack
2025-06-13 00:39:20.363545,192.168.157.128,44.228.249.3,IP,Blacklisted IP,attack
2025-06-13 00:39:20.364228,192.168.157.128,44.228.249.3,IP,Blacklisted IP,attack
2025-06-13 00:39:20.364910,192.168.157.128,44.228.249.3,IP,Blacklisted IP,attack
2025-06-13 00:39:20.365775,192.168.157.128,44.228.249.3,IP,Blacklisted IP,attack
2025-06-13 00:39:20.366434,192.168.157.128,44.228.249.3,IP,Blacklisted IP,attack
2025-06-13 00:39:20.367164,192.168.157.128,44.228.249.3,IP,Blacklisted IP,attack
2025-06-13 00:39:20.367791,192.168.157.128,44.228.249.3,IP,Blacklisted IP,attack
2025-06-13 00:39:20.368455,192.168.157.128,44.228.249.3,IP,Blacklisted IP,attack
2025-06-13 00:39:20.369404,192.168.157.128,44.228.249.3,IP,Blacklisted IP,attack
2025-06-13 00:39:20.370782,192.168.157.128,44.228.249.3,IP,Blacklisted IP,attack
2025-06-13 00:39:20.372324,192.168.157.128,44.228.249.3,IP,Blacklisted IP,attack
2025-06-13 00:39:20.374617,192.168.157.128,44.228.249.3,IP,Blacklisted IP,attack
2025-06-13 00:39:20.377561,192.168.157.128,44.228.249.3,IP,Blacklisted IP,attack
2025-06-13 00:39:20.379109,192.168.157.128,44.228.249.3,IP,Blacklisted IP,attack
2025-06-13 00:39:20.609372,192.168.157.128,44.228.249.3,IP,Blacklisted IP,attack
2025-06-13 00:39:20.612519,192.168.157.128,44.228.249.3,IP,Blacklisted IP,attack
2025-06-13 00:39:20.614849,192.168.157.128,44.228.249.3,IP,Blacklisted IP,attack
2025-06-13 00:39:20.621427,192.168.157.128,44.228.249.3,IP,Blacklisted IP,attack
2025-06-13 00:39:20.623870,192.168.157.128,44.228.249.3,IP,Blacklisted IP,attack
2025-06-13 00:39:20.631806,192.168.157.128,44.228.249.3,IP,Blacklisted IP,attack
2025-06-13 00:39:20.634728,192.168.157.128,44.228.249.3,IP,Blacklisted IP,attack
2025-06-13 00:39:20.643882,192.168.157.128,44.228.249.3,IP,Blacklisted IP,attack
2025-06-13 00:39:20.646997,192.168.157.128,44.228.249.3,IP,Blacklisted IP,attack
2025-06-13 00:39:20.650656,192.168.157.128,44.228.249.3,IP,Blacklisted IP,attack
2025-06-13 00:39:20.653180,192.168.157.128,44.228.249.3,IP,Blacklisted IP,attack
2025-06-13 00:39:20.657997,192.168.157.128,44.228.249.3,IP,Blacklisted IP,attack
2025-06-13 00:39:20.659913,192.168.157.128,44.228.249.3,IP,Blacklisted IP,attack
2025-06-13 00:39:20.664062,192.168.157.128,44.228.249.3,IP,Blacklisted IP,attack
2025-06-13 00:39:20.667013,192.168.157.128,44.228.249.3,IP,Blacklisted IP,attack
2025-06-13 00:39:20.669981,192.168.157.128,44.228.249.3,IP,Blacklisted IP,attack
2025-06-13 00:39:20.673070,192.168.157.128,44.228.249.3,IP,Blacklisted IP,attack
2025-06-13 00:39:20.674850,192.168.157.128,44.228.249.3,IP,Blacklisted IP,attack
2025-06-13 00:39:20.681095,192.168.157.128,44.228.249.3,IP,Blacklisted IP,attack
2025-06-13 00:39:20.683103,192.168.157.128,44.228.249.3,IP,Blacklisted IP,attack
2025-06-13 00:39:20.685434,192.168.157.128,44.228.249.3,IP,Blacklisted IP,attack
2025-06-13 00:39:20.687592,192.168.157.128,44.228.249.3,IP,Blacklisted IP,attack
2025-06-13 00:39:20.688578,192.168.157.128,44.228.249.3,IP,Blacklisted IP,attack
2025-06-13 00:39:20.691292,192.168.157.128,44.228.249.3,IP,Blacklisted IP,attack
2025-06-13 00:39:20.696228,192.168.157.128,44.228.249.3,IP,Blacklisted IP,attack
2025-06-13 00:39:20.698512,192.168.157.128,44.228.249.3,IP,Blacklisted IP,attack
2025-06-13 00:39:20.701772,192.168.157.128,44.228.249.3,IP,Blacklisted IP,attack
2025-06-13 00:39:20.703781,192.168.157.128,44.228.249.3,IP,Blacklisted IP,attack
2025-06-13 00:39:20.704971,192.168.157.128,44.228.249.3,IP,Blacklisted IP,attack
2025-06-13 00:39:20.707307,192.168.157.128,44.228.249.3,IP,Blacklisted IP,attack
2025-06-13 00:39:20.709826,192.168.157.128,44.228.249.3,IP,Blacklisted IP,attack
2025-06-13 00:39:20.713000,192.168.157.128,44.228.249.3,IP,Blacklisted IP,attack
2025-06-13 00:39:20.716726,192.168.157.128,44.228.249.3,IP,Blacklisted IP,attack
2025-06-13 00:39:20.718375,192.168.157.128,44.228.249.3,IP,Blacklisted IP,attack
2025-06-13 00:39:20.720230,192.168.157.128,44.228.249.3,IP,Blacklisted IP,attack
2025-06-13 00:39:20.722548,192.168.157.128,44.228.249.3,IP,Blacklisted IP,attack
2025-06-13 00:39:20.724361,192.168.157.128,44.228.249.3,IP,Blacklisted IP,attack
2025-06-13 00:39:20.726724,192.168.157.128,44.228.249.3,IP,Blacklisted IP,attack
2025-06-13 00:39:20.729967,192.168.157.128,44.228.249.3,IP,Blacklisted IP,attack
2025-06-13 00:39:20.733659,192.168.157.128,44.228.249.3,IP,Blacklisted IP,attack
2025-06-13 00:39:20.932903,192.168.157.128,44.228.249.3,IP,Blacklisted IP,attack
2025-06-13 00:39:20.938001,192.168.157.128,44.228.249.3,IP,Blacklisted IP,attack
2025-06-13 00:39:20.940331,192.168.157.128,44.228.249.3,IP,Blacklisted IP,attack
2025-06-13 00:39:20.952107,192.168.157.128,44.228.249.3,IP,Blacklisted IP,attack
2025-06-13 00:39:20.963744,192.168.157.128,44.228.249.3,IP,Blacklisted IP,attack
2025-06-13 00:39:20.967802,192.168.157.128,44.228.249.3,IP,Blacklisted IP,attack
2025-06-13 00:39:20.969825,192.168.157.128,44.228.249.3,IP,Blacklisted IP,attack
2025-06-13 00:39:20.976768,192.168.157.128,44.228.249.3,IP,Blacklisted IP,attack
2025-06-13 00:39:20.978221,192.168.157.128,44.228.249.3,IP,Blacklisted IP,attack
2025-06-13 00:39:20.979748,192.168.157.128,44.228.249.3,IP,Blacklisted IP,attack
2025-06-13 00:39:20.982917,192.168.157.128,44.228.249.3,IP,Blacklisted IP,attack
2025-06-13 00:39:20.985507,192.168.157.128,44.228.249.3,IP,Blacklisted IP,attack
2025-06-13 00:39:20.987863,192.168.157.128,44.228.249.3,IP,Blacklisted IP,attack
2025-06-13 00:39:20.989955,192.168.157.128,44.228.249.3,IP,Blacklisted IP,attack
2025-06-13 00:39:20.991999,192.168.157.128,44.228.249.3,IP,Blacklisted IP,attack
2025-06-13 00:39:20.993674,192.168.157.128,44.228.249.3,IP,Blacklisted IP,attack
2025-06-13 00:39:20.996039,192.168.157.128,44.228.249.3,IP,Blacklisted IP,attack
2025-06-13 00:39:20.998964,192.168.157.128,44.228.249.3,IP,Blacklisted IP,attack
2025-06-13 00:39:21.002280,192.168.157.128,44.228.249.3,IP,Blacklisted IP,attack
2025-06-13 00:39:21.005067,192.168.157.128,44.228.249.3,IP,Blacklisted IP,attack
2025-06-13 00:39:21.007429,192.168.157.128,44.228.249.3,IP,Blacklisted IP,attack
2025-06-13 00:39:21.011036,192.168.157.128,44.228.249.3,IP,Blacklisted IP,attack
2025-06-13 00:39:21.014401,192.168.157.128,44.228.249.3,IP,Blacklisted IP,attack
2025-06-13 00:39:21.015958,192.168.157.128,44.228.249.3,IP,Blacklisted IP,attack
2025-06-13 00:39:21.019570,192.168.157.128,44.228.249.3,IP,Blacklisted IP,attack
2025-06-13 00:39:21.023865,192.168.157.128,44.228.249.3,IP,Blacklisted IP,attack
2025-06-13 00:39:21.026290,192.168.157.128,44.228.249.3,IP,Blacklisted IP,attack
2025-06-13 00:39:21.027992,192.168.157.128,44.228.249.3,IP,Blacklisted IP,attack
2025-06-13 00:39:21.030396,192.168.157.128,44.228.249.3,IP,Blacklisted IP,attack
2025-06-13 00:39:21.033568,192.168.157.128,44.228.249.3,IP,Blacklisted IP,attack
2025-06-13 00:39:21.036716,192.168.157.128,44.228.249.3,IP,Blacklisted IP,attack
2025-06-13 00:39:21.040269,192.168.157.128,44.228.249.3,IP,Blacklisted IP,attack
2025-06-13 00:39:21.043911,192.168.157.128,44.228.249.3,IP,Blacklisted IP,attack
2025-06-13 00:39:21.047401,192.168.157.128,44.228.249.3,IP,Blacklisted IP,attack
2025-06-13 00:39:21.049896,192.168.157.128,44.228.249.3,IP,Blacklisted IP,attack
2025-06-13 00:39:21.051609,192.168.157.128,44.228.249.3,IP,Blacklisted IP,attack
2025-06-13 00:39:21.054255,192.168.157.128,44.228.249.3,IP,Blacklisted IP,attack
2025-06-13 00:39:21.058356,192.168.157.128,44.228.249.3,IP,Blacklisted IP,attack
2025-06-13 00:39:21.063109,192.168.157.128,44.228.249.3,IP,Blacklisted IP,attack
2025-06-13 00:39:21.065181,192.168.157.128,44.228.249.3,IP,Blacklisted IP,attack
2025-06-13 00:39:21.067204,192.168.157.128,44.228.249.3,IP,Blacklisted IP,attack
2025-06-13 00:39:21.068326,192.168.157.128,44.228.249.3,IP,Blacklisted IP,attack
2025-06-13 00:39:21.072325,192.168.157.128,44.228.249.3,IP,Blacklisted IP,attack
2025-06-13 00:39:21.073582,192.168.157.128,44.228.249.3,IP,Blacklisted IP,attack
2025-06-13 00:39:21.076965,192.168.157.128,44.228.249.3,IP,Blacklisted IP,attack
2025-06-13 00:39:21.077912,192.168.157.128,44.228.249.3,IP,Blacklisted IP,attack
2025-06-13 00:39:21.083337,192.168.157.128,44.228.249.3,IP,Blacklisted IP,attack
2025-06-13 00:39:21.085738,192.168.157.128,44.228.249.3,IP,Blacklisted IP,attack
2025-06-13 00:39:21.086559,192.168.157.128,44.228.249.3,IP,Blacklisted IP,attack
2025-06-13 00:39:21.089504,192.168.157.128,44.228.249.3,IP,Blacklisted IP,attack
2025-06-13 00:39:21.090931,192.168.157.128,44.228.249.3,IP,Blacklisted IP,attack
2025-06-13 00:39:21.094296,192.168.157.128,44.228.249.3,IP,Blacklisted IP,attack
2025-06-13 00:39:21.096963,192.168.157.128,44.228.249.3,IP,Blacklisted IP,attack
2025-06-13 00:39:21.101207,192.168.157.128,44.228.249.3,IP,Blacklisted IP,attack
2025-06-13 00:39:21.103669,192.168.157.128,44.228.249.3,IP,Blacklisted IP,attack
2025-06-13 00:39:21.105915,192.168.157.128,44.228.249.3,IP,Blacklisted IP,attack
2025-06-13 00:39:21.106942,192.168.157.128,44.228.249.3,IP,Blacklisted IP,attack
2025-06-13 00:39:21.110273,192.168.157.128,44.228.249.3,IP,Blacklisted IP,attack
2025-06-13 00:39:21.113062,192.168.157.128,44.228.249.3,IP,Blacklisted IP,attack
2025-06-13 00:39:21.115095,192.168.157.128,44.228.249.3,IP,Blacklisted IP,attack
2025-06-13 00:39:21.220481,192.168.157.128,44.228.249.3,IP,Blacklisted IP,attack
2025-06-13 00:39:21.224310,192.168.157.128,44.228.249.3,IP,Blacklisted IP,attack
2025-06-13 00:39:21.231393,192.168.157.128,44.228.249.3,IP,Blacklisted IP,attack
2025-06-13 00:39:21.235790,192.168.157.128,44.228.249.3,IP,Blacklisted IP,attack
2025-06-13 00:39:21.241881,192.168.157.128,44.228.249.3,IP,Blacklisted IP,attack
2025-06-13 00:39:21.248450,192.168.157.128,44.228.249.3,IP,Blacklisted IP,attack
2025-06-13 00:39:21.253356,192.168.157.128,44.228.249.3,IP,Blacklisted IP,attack
2025-06-13 00:39:21.258789,192.168.157.128,44.228.249.3,IP,Blacklisted IP,attack
2025-06-13 00:39:21.261262,192.168.157.128,44.228.249.3,IP,Blacklisted IP,attack
2025-06-13 00:39:21.263526,192.168.157.128,44.228.249.3,IP,Blacklisted IP,attack
2025-06-13 00:39:21.265688,192.168.157.128,44.228.249.3,IP,Blacklisted IP,attack
2025-06-13 00:39:21.268306,192.168.157.128,44.228.249.3,IP,Blacklisted IP,attack
2025-06-13 00:39:21.270529,192.168.157.128,44.228.249.3,IP,Blacklisted IP,attack
2025-06-13 00:39:21.273798,192.168.157.128,44.228.249.3,IP,Blacklisted IP,attack
2025-06-13 00:39:21.280237,192.168.157.128,44.228.249.3,IP,Blacklisted IP,attack
2025-06-13 00:39:21.283504,192.168.157.128,44.228.249.3,IP,Blacklisted IP,attack
2025-06-13 00:39:21.285943,192.168.157.128,44.228.249.3,IP,Blacklisted IP,attack
2025-06-13 00:39:21.288530,192.168.157.128,44.228.249.3,IP,Blacklisted IP,attack
2025-06-13 00:39:21.290746,192.168.157.128,44.228.249.3,IP,Blacklisted IP,attack
2025-06-13 00:39:21.293230,192.168.157.128,44.228.249.3,IP,Blacklisted IP,attack
2025-06-13 00:39:29.321104,192.168.157.128,95.216.192.15,IP,Blacklisted IP,attack
2025-06-13 00:39:38.910579,192.168.157.128,192.168.157.254,IP,Blacklisted IP,attack
2025-06-13 00:39:50.600181,192.168.157.128,192.168.0.105,IP,Blacklisted IP,attack
2025-06-13 00:39:51.631836,192.168.157.128,192.168.0.105,IP,Blacklisted IP,attack
2025-06-13 00:39:52.655349,192.168.157.128,192.168.0.105,IP,Blacklisted IP,attack
2025-06-13 00:39:53.679269,192.168.157.128,192.168.0.105,IP,Blacklisted IP,attack
2025-06-13 00:39:54.704226,192.168.157.128,192.168.0.105,IP,Blacklisted IP,attack
2025-06-13 00:39:55.727430,192.168.157.128,192.168.0.105,IP,Blacklisted IP,attack
2025-06-13 00:39:57.743697,192.168.157.128,192.168.0.105,IP,Blacklisted IP,attack
2025-06-13 00:40:01.567982,192.168.157.128,95.216.192.15,IP,Blacklisted IP,attack
2025-06-13 00:40:01.967031,192.168.157.128,192.168.0.105,IP,Blacklisted IP,attack
2025-06-13 00:40:10.159361,192.168.157.128,192.168.0.105,IP,Blacklisted IP,attack
2025-06-13 00:40:11.615101,192.168.0.105,192.168.157.128,IP,Blacklisted IP,attack
2025-06-13 00:40:34.067925,192.168.157.128,95.216.192.15,IP,Blacklisted IP,attack
2025-06-13 00:40:40.175977,192.168.0.105,8.8.8.8,IP,Blacklisted IP,attack
2025-06-13 00:40:40.227805,192.168.0.105,8.8.8.8,IP,Blacklisted IP,attack
2025-06-13 00:40:40.280338,192.168.0.105,8.8.8.8,IP,Blacklisted IP,attack
2025-06-13 00:40:40.332633,192.168.0.105,8.8.8.8,IP,Blacklisted IP,attack
2025-06-13 00:40:40.380549,192.168.0.105,8.8.8.8,IP,Blacklisted IP,attack
2025-06-13 00:40:40.426085,192.168.0.105,8.8.8.8,IP,Blacklisted IP,attack
2025-06-13 00:40:40.482324,192.168.0.105,8.8.8.8,IP,Blacklisted IP,attack
2025-06-13 00:40:40.539086,192.168.0.105,8.8.8.8,IP,Blacklisted IP,attack
2025-06-13 00:40:40.583286,192.168.0.105,8.8.8.8,IP,Blacklisted IP,attack
2025-06-13 00:40:40.632426,192.168.0.105,8.8.8.8,IP,Blacklisted IP,attack
2025-06-13 00:40:40.690860,192.168.0.105,8.8.8.8,IP,Blacklisted IP,attack
2025-06-13 00:40:40.744096,192.168.0.105,8.8.8.8,IP,Blacklisted IP,attack
2025-06-13 00:40:40.797725,192.168.0.105,8.8.8.8,IP,Blacklisted IP,attack
2025-06-13 00:40:40.848921,192.168.0.105,8.8.8.8,IP,Blacklisted IP,attack
2025-06-13 00:40:40.893786,192.168.0.105,8.8.8.8,IP,Blacklisted IP,attack
2025-06-13 00:40:40.944438,192.168.0.105,8.8.8.8,IP,Blacklisted IP,attack
2025-06-13 00:40:40.997184,192.168.0.105,8.8.8.8,IP,Blacklisted IP,attack
2025-06-13 00:40:41.049083,192.168.0.105,8.8.8.8,IP,Blacklisted IP,attack
2025-06-13 00:40:41.092312,192.168.0.105,8.8.8.8,IP,Blacklisted IP,attack
2025-06-13 00:40:41.139382,192.168.0.105,8.8.8.8,IP,Blacklisted IP,attack
2025-06-13 00:40:41.187881,192.168.0.105,8.8.8.8,IP,Blacklisted IP,attack
2025-06-13 00:40:41.235792,192.168.0.105,8.8.8.8,IP,Blacklisted IP,attack
2025-06-13 00:40:41.293707,192.168.0.105,8.8.8.8,IP,Blacklisted IP,attack
2025-06-13 00:40:41.342621,192.168.0.105,8.8.8.8,IP,Blacklisted IP,attack
2025-06-13 00:40:41.394885,192.168.0.105,8.8.8.8,IP,Blacklisted IP,attack
2025-06-13 00:40:41.443068,192.168.0.105,8.8.8.8,IP,Blacklisted IP,attack
2025-06-13 00:40:41.482884,192.168.0.105,8.8.8.8,IP,Blacklisted IP,attack
2025-06-13 00:40:41.532969,192.168.0.105,8.8.8.8,IP,Blacklisted IP,attack
2025-06-13 00:40:41.586304,192.168.0.105,8.8.8.8,IP,Blacklisted IP,attack
2025-06-13 00:40:41.632803,192.168.0.105,8.8.8.8,IP,Blacklisted IP,attack
2025-06-13 00:40:41.680349,192.168.0.105,8.8.8.8,IP,Blacklisted IP,attack
2025-06-13 00:40:41.730288,192.168.0.105,8.8.8.8,IP,Blacklisted IP,attack
2025-06-13 00:40:41.792795,192.168.0.105,8.8.8.8,IP,Blacklisted IP,attack
2025-06-13 00:40:41.840833,192.168.0.105,8.8.8.8,IP,Blacklisted IP,attack
2025-06-13 00:40:41.887389,192.168.0.105,8.8.8.8,IP,Blacklisted IP,attack
2025-06-13 00:40:41.923225,192.168.0.105,8.8.8.8,IP,Blacklisted IP,attack
2025-06-13 00:40:41.967106,192.168.0.105,8.8.8.8,IP,Blacklisted IP,attack
2025-06-13 00:40:42.030400,192.168.0.105,8.8.8.8,IP,Blacklisted IP,attack
2025-06-13 00:40:42.078458,192.168.0.105,8.8.8.8,IP,Blacklisted IP,attack
2025-06-13 00:40:42.126577,192.168.0.105,8.8.8.8,IP,Blacklisted IP,attack
2025-06-13 00:40:42.182041,192.168.0.105,8.8.8.8,IP,Blacklisted IP,attack
2025-06-13 00:40:42.231239,192.168.0.105,8.8.8.8,IP,Blacklisted IP,attack
2025-06-13 00:40:42.274754,192.168.0.105,8.8.8.8,IP,Blacklisted IP,attack
2025-06-13 00:40:42.328114,192.168.0.105,8.8.8.8,IP,Blacklisted IP,attack
2025-06-13 00:40:42.382293,192.168.0.105,8.8.8.8,IP,Blacklisted IP,attack
2025-06-13 00:40:42.428033,192.168.0.105,8.8.8.8,IP,Blacklisted IP,attack
2025-06-13 00:40:42.475072,192.168.0.105,8.8.8.8,IP,Blacklisted IP,attack
2025-06-13 00:40:42.524032,192.168.0.105,8.8.8.8,IP,Blacklisted IP,attack
2025-06-13 00:40:42.570081,192.168.0.105,8.8.8.8,IP,Blacklisted IP,attack
2025-06-13 00:40:42.612456,192.168.0.105,8.8.8.8,IP,Blacklisted IP,attack
2025-06-13 00:40:49.882846,192.168.0.105,8.8.8.8,IP,Blacklisted IP,attack
2025-06-13 00:40:49.920906,192.168.0.105,8.8.8.8,IP,Blacklisted IP,attack
2025-06-13 00:40:49.956950,192.168.0.105,8.8.8.8,IP,Blacklisted IP,attack
2025-06-13 00:40:49.991674,192.168.0.105,8.8.8.8,IP,Blacklisted IP,attack
2025-06-13 00:40:50.023046,192.168.0.105,8.8.8.8,IP,Blacklisted IP,attack
2025-06-13 00:40:50.064717,192.168.0.105,8.8.8.8,IP,Blacklisted IP,attack
2025-06-13 00:40:50.105694,192.168.0.105,8.8.8.8,IP,Blacklisted IP,attack
2025-06-13 00:40:50.160840,192.168.0.105,8.8.8.8,IP,Blacklisted IP,attack
2025-06-13 00:40:50.189633,192.168.0.105,8.8.8.8,IP,Blacklisted IP,attack
2025-06-13 00:40:50.222970,192.168.0.105,8.8.8.8,IP,Blacklisted IP,attack
2025-06-13 00:40:50.265349,192.168.0.105,8.8.8.8,IP,Blacklisted IP,attack
2025-06-13 00:40:50.301251,192.168.0.105,8.8.8.8,IP,Blacklisted IP,attack
2025-06-13 00:40:50.358005,192.168.0.105,8.8.8.8,IP,Blacklisted IP,attack
2025-06-13 00:40:50.407423,192.168.0.105,8.8.8.8,IP,Blacklisted IP,attack
2025-06-13 00:40:50.454682,192.168.0.105,8.8.8.8,IP,Blacklisted IP,attack
2025-06-13 00:40:50.506956,192.168.0.105,8.8.8.8,IP,Blacklisted IP,attack
2025-06-13 00:40:50.555548,192.168.0.105,8.8.8.8,IP,Blacklisted IP,attack
2025-06-13 00:40:50.603377,192.168.0.105,8.8.8.8,IP,Blacklisted IP,attack
2025-06-13 00:40:50.658239,192.168.0.105,8.8.8.8,IP,Blacklisted IP,attack
2025-06-13 00:40:50.710655,192.168.0.105,8.8.8.8,IP,Blacklisted IP,attack
2025-06-13 00:40:50.768879,192.168.0.105,8.8.8.8,IP,Blacklisted IP,attack
2025-06-13 00:40:50.810136,192.168.0.105,8.8.8.8,IP,Blacklisted IP,attack
2025-06-13 00:40:50.862976,192.168.0.105,8.8.8.8,IP,Blacklisted IP,attack
2025-06-13 00:40:50.915025,192.168.0.105,8.8.8.8,IP,Blacklisted IP,attack
2025-06-13 00:40:50.965077,192.168.0.105,8.8.8.8,IP,Blacklisted IP,attack
2025-06-13 00:40:51.012827,192.168.0.105,8.8.8.8,IP,Blacklisted IP,attack
2025-06-13 00:40:51.062570,192.168.0.105,8.8.8.8,IP,Blacklisted IP,attack
2025-06-13 00:40:51.111335,192.168.0.105,8.8.8.8,IP,Blacklisted IP,attack
2025-06-13 00:40:51.158589,192.168.0.105,8.8.8.8,IP,Blacklisted IP,attack
2025-06-13 00:40:51.217612,192.168.0.105,8.8.8.8,IP,Blacklisted IP,attack
2025-06-13 00:40:51.269815,192.168.0.105,8.8.8.8,IP,Blacklisted IP,attack
2025-06-13 00:40:51.318472,192.168.0.105,8.8.8.8,IP,Blacklisted IP,attack
2025-06-13 00:40:51.362884,192.168.0.105,8.8.8.8,IP,Blacklisted IP,attack
2025-06-13 00:40:51.410465,192.168.0.105,8.8.8.8,IP,Blacklisted IP,attack
2025-06-13 00:40:51.456762,192.168.0.105,8.8.8.8,IP,Blacklisted IP,attack
2025-06-13 00:40:51.512293,192.168.0.105,8.8.8.8,IP,Blacklisted IP,attack
2025-06-13 00:40:51.565460,192.168.0.105,8.8.8.8,IP,Blacklisted IP,attack
2025-06-13 00:40:51.618101,192.168.0.105,8.8.8.8,IP,Blacklisted IP,attack
2025-06-13 00:40:51.679603,192.168.0.105,8.8.8.8,IP,Blacklisted IP,attack
2025-06-13 00:40:51.726231,192.168.0.105,8.8.8.8,IP,Blacklisted IP,attack
2025-06-13 00:40:51.775160,192.168.0.105,8.8.8.8,IP,Blacklisted IP,attack
2025-06-13 00:40:51.823430,192.168.0.105,8.8.8.8,IP,Blacklisted IP,attack
2025-06-13 00:40:51.865542,192.168.0.105,8.8.8.8,IP,Blacklisted IP,attack
2025-06-13 00:40:51.914373,192.168.0.105,8.8.8.8,IP,Blacklisted IP,attack
2025-06-13 00:40:51.966132,192.168.0.105,8.8.8.8,IP,Blacklisted IP,attack
2025-06-13 00:40:52.007710,192.168.0.105,8.8.8.8,IP,Blacklisted IP,attack
2025-06-13 00:40:52.051988,192.168.0.105,8.8.8.8,IP,Blacklisted IP,attack
2025-06-13 00:40:52.100838,192.168.0.105,8.8.8.8,IP,Blacklisted IP,attack
2025-06-13 00:40:52.156573,192.168.0.105,8.8.8.8,IP,Blacklisted IP,attack
2025-06-13 00:40:52.201246,192.168.0.105,8.8.8.8,IP,Blacklisted IP,attack
2025-06-13 00:41:06.318452,192.168.157.128,95.216.192.15,IP,Blacklisted IP,attack
2025-06-13 00:41:13.807322,192.168.0.105,8.8.8.8,IP,Blacklisted IP,attack
2025-06-13 00:41:13.847118,192.168.0.105,8.8.8.8,IP,Blacklisted IP,attack
2025-06-13 00:41:13.881163,192.168.0.105,8.8.8.8,IP,Blacklisted IP,attack
2025-06-13 00:41:13.921214,192.168.0.105,8.8.8.8,IP,Blacklisted IP,attack
2025-06-13 00:41:13.964515,192.168.0.105,8.8.8.8,IP,Blacklisted IP,attack
2025-06-13 00:41:14.003267,192.168.0.105,8.8.8.8,IP,Blacklisted IP,attack
2025-06-13 00:41:14.039758,192.168.0.105,8.8.8.8,IP,Blacklisted IP,attack
2025-06-13 00:41:14.074473,192.168.0.105,8.8.8.8,IP,Blacklisted IP,attack
2025-06-13 00:41:14.114523,192.168.0.105,8.8.8.8,IP,Blacklisted IP,attack
2025-06-13 00:41:14.159496,192.168.0.105,8.8.8.8,IP,Blacklisted IP,attack
2025-06-13 00:41:14.202382,192.168.0.105,8.8.8.8,IP,Blacklisted IP,attack
2025-06-13 00:41:14.250333,192.168.0.105,8.8.8.8,IP,Blacklisted IP,attack
2025-06-13 00:41:14.288271,192.168.0.105,8.8.8.8,IP,Blacklisted IP,attack
2025-06-13 00:41:14.352679,192.168.0.105,8.8.8.8,IP,Blacklisted IP,attack
2025-06-13 00:41:14.407623,192.168.0.105,8.8.8.8,IP,Blacklisted IP,attack
2025-06-13 00:41:14.452542,192.168.0.105,8.8.8.8,IP,Blacklisted IP,attack
2025-06-13 00:41:14.505883,192.168.0.105,8.8.8.8,IP,Blacklisted IP,attack
2025-06-13 00:41:14.560857,192.168.0.105,8.8.8.8,IP,Blacklisted IP,attack
2025-06-13 00:41:14.609413,192.168.0.105,8.8.8.8,IP,Blacklisted IP,attack
2025-06-13 00:41:14.665912,192.168.0.105,8.8.8.8,IP,Blacklisted IP,attack
2025-06-13 00:41:14.710173,192.168.0.105,8.8.8.8,IP,Blacklisted IP,attack
2025-06-13 00:41:14.765621,192.168.0.105,8.8.8.8,IP,Blacklisted IP,attack
2025-06-13 00:41:14.812877,192.168.0.105,8.8.8.8,IP,Blacklisted IP,attack
2025-06-13 00:41:14.858303,192.168.0.105,8.8.8.8,IP,Blacklisted IP,attack
2025-06-13 00:41:14.904933,192.168.0.105,8.8.8.8,IP,Blacklisted IP,attack
2025-06-13 00:41:14.943152,192.168.0.105,8.8.8.8,IP,Blacklisted IP,attack
2025-06-13 00:41:14.990974,192.168.0.105,8.8.8.8,IP,Blacklisted IP,attack
2025-06-13 00:41:15.041107,192.168.0.105,8.8.8.8,IP,Blacklisted IP,attack
2025-06-13 00:41:15.077062,192.168.0.105,8.8.8.8,IP,Blacklisted IP,attack
2025-06-13 00:41:15.129716,192.168.0.105,8.8.8.8,IP,Blacklisted IP,attack
2025-06-13 00:41:15.174252,192.168.0.105,8.8.8.8,IP,Blacklisted IP,attack
2025-06-13 00:41:15.219744,192.168.0.105,8.8.8.8,IP,Blacklisted IP,attack
2025-06-13 00:41:15.266796,192.168.0.105,8.8.8.8,IP,Blacklisted IP,attack
2025-06-13 00:41:15.313353,192.168.0.105,8.8.8.8,IP,Blacklisted IP,attack
2025-06-13 00:41:15.357784,192.168.0.105,8.8.8.8,IP,Blacklisted IP,attack
2025-06-13 00:41:15.399878,192.168.0.105,8.8.8.8,IP,Blacklisted IP,attack
2025-06-13 00:41:15.453507,192.168.0.105,8.8.8.8,IP,Blacklisted IP,attack
2025-06-13 00:41:15.505478,192.168.0.105,8.8.8.8,IP,Blacklisted IP,attack
2025-06-13 00:41:15.568895,192.168.0.105,8.8.8.8,IP,Blacklisted IP,attack
2025-06-13 00:41:15.622840,192.168.0.105,8.8.8.8,IP,Blacklisted IP,attack
2025-06-13 00:41:15.669159,192.168.0.105,8.8.8.8,IP,Blacklisted IP,attack
2025-06-13 00:41:15.715424,192.168.0.105,8.8.8.8,IP,Blacklisted IP,attack
2025-06-13 00:41:15.769500,192.168.0.105,8.8.8.8,IP,Blacklisted IP,attack
2025-06-13 00:41:15.810920,192.168.0.105,8.8.8.8,IP,Blacklisted IP,attack
2025-06-13 00:41:15.860292,192.168.0.105,8.8.8.8,IP,Blacklisted IP,attack
2025-06-13 00:41:15.900919,192.168.0.105,8.8.8.8,IP,Blacklisted IP,attack
2025-06-13 00:41:15.945629,192.168.0.105,8.8.8.8,IP,Blacklisted IP,attack
2025-06-13 00:41:15.994196,192.168.0.105,8.8.8.8,IP,Blacklisted IP,attack
2025-06-13 00:41:16.053234,192.168.0.105,8.8.8.8,IP,Blacklisted IP,attack
2025-06-13 00:41:16.103806,192.168.0.105,8.8.8.8,IP,Blacklisted IP,attack
